2Cards,3Cards,4Cards,5Cards,6Cards,7Cards,8Cards,9Cards,10Cards,11Cards,valueOfDealerCard,valueOfFirstPlayerCard,valueOfSecondPlayerCard,numberOfSplits,numberOfHits,numberOfDoubles,numberOfStands,result
2.857142857142857,3.4285714285714284,3.7142857142857144,3.5714285714285716,3.2857142857142856,3.142857142857143,3.142857142857143,3.142857142857143,13.0,3.142857142857143,10,10,11,1,0,0,0
2.857142857142857,3.4285714285714284,3.7142857142857144,3.5714285714285716,3.2857142857142856,3.142857142857143,3.142857142857143,3.142857142857143,13.0,3.142857142857143,10,10,11,0,1,0,0
2.857142857142857,3.4285714285714284,3.7142857142857144,3.5714285714285716,3.2857142857142856,3.142857142857143,3.142857142857143,3.142857142857143,13.0,3.142857142857143,10,10,11,0,0,1,0
2.857142857142857,3.4285714285714284,3.7142857142857144,3.5714285714285716,3.2857142857142856,3.142857142857143,3.142857142857143,3.142857142857143,13.0,3.142857142857143,10,10,11,0,0,0,1